id;location;address;city;capacity
1;wafer;excepting emphasize but;Kesslerton;26892
2;chime er;utilization yum;North Latoyahaven;22011
3;premise frail lobotomise;mouser;New Orleans;27187
4;out;minus as;North Jacinthe;17825
5;next phew blaspheme;crowded;South Ashtynshire;4147
6;hmph;than;Harberhaven;26408
7;into;supposing ick;Guaynabo;5512
8;what whether;until;North Adolfbury;4061
9;for lest ick;blink;Rogers;25643
10;victoriously configuration;croon sheathe bogus;East Kennyville;23425
11;frantically thorn insistent;wherever fatal;Severn;13319
12;ugh wherever;courtroom bah heavily;Padbergburgh;9099
13;into expostulate;finally;Port Troyburgh;25261
14;almighty;sheepishly;New Macie;25914
15;along weighty tragic;pike;South Bradborough;8260
16;dream;packaging gee;East Esther;12496
17;colorfully between;more ack;Santiagoport;9688
18;unless while toward;above in unaware;Lynwood;13098
19;indeed coliseum joyfully;secondary disclosure;Parkermouth;6817
20;arrogantly;aboard supposing beneath;Rathland;21627
21;knottily aha transom;cheerful inside;Taramouth;5829
22;aboard psst;furthermore coaxingly fooey;Hillscester;22904
23;draft;pish;Wiegandburgh;28959
24;source better;coast failing mid;Fort Dollyshire;9763
25;silently notwithstanding;mortally even;Wizabury;4585
26;rapid lest toward;oddball hence upset;Jettieside;21975
27;while briefly;secret whenever determined;Bashirianborough;1538
28;circa;into;Roswell;31685
29;astride whenever brr;and punctual till;South Blake;30732
30;hourly muddy rule;coaxingly supposing medium;Heathborough;11795
