id;action;table_name;record_id;created_date
1;cautiously peaceful;phooey;20137;2026-07-15T07:14:31
2;orchestrate;rigidly;11843;2026-07-14T14:18:01
3;thankfully lawmaker;sesame pfft jut;16906;2026-07-15T06:47:04
4;boo inside sharply;sizzling disrespect thoughtfully;28816;2026-07-15T06:14:30
5;youthfully although oof;likely confirm fen;14108;2026-07-14T15:02:37
6;accentuate;sharply;17328;2026-07-14T10:13:59
7;gadzooks;familiar helplessly;27917;2026-07-14T12:17:07
8;unfinished;now;28431;2026-07-14T16:18:38
9;kettledrum smug fly;nor torn;7980;2026-07-14T20:07:49
10;inure;hornet;20368;2026-07-15T01:02:16
11;amount likewise;instead quit;4501;2026-07-14T23:09:05
12;illiterate alongside;fooey incomparable afore;29092;2026-07-15T04:35:38
13;lightly train once;afraid;7555;2026-07-14T09:32:25
14;incidentally;nicely certification;14115;2026-07-14T20:03:35
15;flood;if bah;1426;2026-07-15T07:00:17
16;achieve subdued;emphasize internal;30266;2026-07-15T00:32:16
17;swiftly flustered;redesign;23973;2026-07-15T07:10:50
18;so like;unconscious warmhearted;7599;2026-07-14T20:49:08
19;onto giant;inasmuch frantically hm;8170;2026-07-14T15:23:08
20;tail although;ethical;17702;2026-07-14T09:18:48
21;fireplace obligation archaeology;breastplate;30034;2026-07-14T12:38:59
22;diligently mysteriously dishonor;reprimand bookend;11012;2026-07-14T20:34:23
23;unfreeze;boohoo gummy;13295;2026-07-14T19:27:45
24;yearly fraudster;as bony following;4151;2026-07-15T05:18:31
25;after the contrast;bah aw;6836;2026-07-14T08:51:39
26;clinking clueless hierarchy;progress rekindle;7324;2026-07-14T19:56:43
27;woot;bookend;32178;2026-07-15T03:22:11
28;mallard;whoever;26132;2026-07-14T21:15:22
29;supposing upright;luck esteemed;5280;2026-07-14T15:02:53
30;only;gosh;6128;2026-07-14T13:02:24
