id;booking_date;total_amount;status
1;2026-07-14T18:20:46;5259.99;though
2;2026-07-14T11:04:49;24961.78;defiantly backbone
3;2026-07-14T07:54:47;7872.58;up to
4;2026-07-14T16:13:16;3130.12;blend
5;2026-07-14T09:11:57;8900.66;when beside
6;2026-07-15T00:01:35;11849.7;uh-huh beneath metal
7;2026-07-14T10:27:35;7905.1;bitterly shrilly
8;2026-07-15T01:33:56;23055.21;yuck dramatize out
9;2026-07-14T13:28:41;20516.65;mushy
10;2026-07-15T04:13:14;501.95;via notwithstanding
11;2026-07-14T22:36:10;21989.5;like injunction
12;2026-07-15T05:28:20;20483.82;by
13;2026-07-15T00:16:50;31456.88;elegantly especially
14;2026-07-15T01:13:25;17098.77;eek after
15;2026-07-14T09:02:19;10996.2;uncover
16;2026-07-14T08:14:07;16970.07;negligible fishery assail
17;2026-07-14T11:23:42;31300.28;so
18;2026-07-14T15:29:21;15407.41;across
19;2026-07-14T11:53:07;8073.37;meh offend
20;2026-07-14T09:55:53;25351.19;cruel
21;2026-07-14T19:37:13;401.16;fooey yuck
22;2026-07-14T10:22:58;9434.9;for er aboard
23;2026-07-15T04:45:46;26764.97;how after
24;2026-07-14T09:09:30;15240.51;secrecy jaggedly
25;2026-07-14T12:46:37;6178.93;questionably
26;2026-07-14T17:28:21;18532.06;weird mundane pitiful
27;2026-07-14T14:55:42;28527.04;unless claw indeed
28;2026-07-14T23:33:31;26778.59;badly absent
29;2026-07-14T07:59:11;7145.13;drat community comfortable
30;2026-07-14T17:23:53;31860.19;psst now at
