id;quantity;price
1;7068;26919.38
2;15432;11037.45
3;30529;21320.1
4;8366;15772.55
5;9182;12917.33
6;22852;16796.88
7;17695;6790.79
8;21053;945.11
9;20194;4289.38
10;22071;12107.18
11;32298;18426.44
12;16139;6666.12
13;18589;21942.48
14;28948;7367.58
15;12790;31005.6
16;11246;4290
17;6329;168.51
18;19345;31431.99
19;16741;732.86
20;9937;30225.46
21;4295;10580.1
22;27816;28404.48
23;24706;27491.25
24;30017;31059.15
25;17818;19078.84
26;11445;14838.91
27;25311;18395.75
28;16470;5650.74
29;15698;11041.98
30;22413;18936.79
