id;name;description
1;needy now worth;../fake-data/blob/hipster.txt
2;snarling accomplished near;../fake-data/blob/hipster.txt
3;following whereas;../fake-data/blob/hipster.txt
4;punctually valiantly;../fake-data/blob/hipster.txt
5;pale;../fake-data/blob/hipster.txt
6;shudder although yowza;../fake-data/blob/hipster.txt
7;over;../fake-data/blob/hipster.txt
8;so;../fake-data/blob/hipster.txt
9;terribly;../fake-data/blob/hipster.txt
10;tense;../fake-data/blob/hipster.txt
11;merrily bitterly;../fake-data/blob/hipster.txt
12;boo ick obvious;../fake-data/blob/hipster.txt
13;step;../fake-data/blob/hipster.txt
14;partially needily maintainer;../fake-data/blob/hipster.txt
15;finally;../fake-data/blob/hipster.txt
16;hence overspend;../fake-data/blob/hipster.txt
17;delight mindless;../fake-data/blob/hipster.txt
18;stint ah;../fake-data/blob/hipster.txt
19;fictionalize that accomplished;../fake-data/blob/hipster.txt
20;darn slink;../fake-data/blob/hipster.txt
21;enchanted;../fake-data/blob/hipster.txt
22;knottily whereas;../fake-data/blob/hipster.txt
23;um round rudely;../fake-data/blob/hipster.txt
24;almost;../fake-data/blob/hipster.txt
25;anxiously below ick;../fake-data/blob/hipster.txt
26;sans finally;../fake-data/blob/hipster.txt
27;hold aircraft;../fake-data/blob/hipster.txt
28;lest;../fake-data/blob/hipster.txt
29;rosemary;../fake-data/blob/hipster.txt
30;monstrous indeed ugh;../fake-data/blob/hipster.txt
