id;check_in_time
1;2026-07-15T02:08:24
2;2026-07-14T09:24:49
3;2026-07-14T22:27:01
4;2026-07-15T00:31:53
5;2026-07-14T23:22:44
6;2026-07-14T20:26:15
7;2026-07-15T02:54:19
8;2026-07-15T00:48:47
9;2026-07-15T03:06:10
10;2026-07-14T13:08:38
11;2026-07-14T17:33:30
12;2026-07-14T18:40:35
13;2026-07-15T07:10:16
14;2026-07-14T17:14:11
15;2026-07-15T01:31:21
16;2026-07-15T05:58:44
17;2026-07-15T04:19:39
18;2026-07-15T06:17:33
19;2026-07-15T03:51:48
20;2026-07-14T21:14:34
21;2026-07-15T02:15:21
22;2026-07-15T04:11:27
23;2026-07-14T23:31:06
24;2026-07-14T09:22:21
25;2026-07-14T20:20:52
26;2026-07-14T19:48:21
27;2026-07-14T19:02:54
28;2026-07-14T23:38:50
29;2026-07-14T21:29:48
30;2026-07-14T12:17:23
