id;code;discount;start_date;end_date;quantity
1;pish hastily;12955.2;2026-07-15T01:40:12;2026-07-15T00:03:53;22131
2;lest;29403.97;2026-07-15T03:13:35;2026-07-14T22:15:40;7497
3;aw pepper;17019.89;2026-07-14T10:33:53;2026-07-14T13:50:19;663
4;tempting off masculinize;31841.84;2026-07-15T00:23:05;2026-07-14T15:21:23;26931
5;black intently doorpost;21568.19;2026-07-15T02:24:28;2026-07-14T21:25:52;13084
6;zowie staid;23997.08;2026-07-14T10:16:58;2026-07-14T19:55:55;3458
7;beside thongs unnaturally;32743.68;2026-07-14T10:01:16;2026-07-14T23:27:03;29662
8;messy geez;31811.15;2026-07-14T07:52:40;2026-07-14T17:35:59;14420
9;aggressive blowgun;10824.47;2026-07-14T07:33:52;2026-07-14T08:17:09;1998
10;calculating considering;32067.55;2026-07-15T02:02:01;2026-07-14T20:17:57;376
11;merge;1714.86;2026-07-14T23:25:49;2026-07-14T23:41:32;14944
12;knife;9463.73;2026-07-14T20:49:30;2026-07-14T22:21:34;13745
13;brr;8147.45;2026-07-14T09:13:48;2026-07-14T15:53:04;32749
14;digital which;28485.06;2026-07-15T01:41:04;2026-07-15T03:29:06;26605
15;hastily;5081.39;2026-07-15T00:42:37;2026-07-15T02:12:09;15192
16;task for about;16437.58;2026-07-15T06:06:34;2026-07-14T14:06:47;21217
17;taro;1340;2026-07-14T16:41:22;2026-07-14T07:35:58;19796
18;spectate next mysterious;28639.41;2026-07-14T17:12:26;2026-07-14T21:24:53;28782
19;rarely;23144.6;2026-07-15T06:24:28;2026-07-14T17:30:17;19237
20;consequently;539.01;2026-07-14T18:54:56;2026-07-14T07:47:43;32723
21;provided;4720.83;2026-07-14T08:11:48;2026-07-14T20:12:00;4367
22;ack gladly;2358.36;2026-07-14T19:19:55;2026-07-14T23:26:29;2973
23;gee affectionate chunder;17782.94;2026-07-15T04:46:13;2026-07-14T20:03:19;6908
24;swat lest joyously;9542.22;2026-07-15T00:24:21;2026-07-14T19:40:01;9769
25;orderly stabilise;3137.96;2026-07-15T03:45:28;2026-07-15T02:52:05;15195
26;meander;15466.54;2026-07-14T12:05:07;2026-07-14T19:07:47;26577
27;under competent flood;16632.35;2026-07-14T14:14:54;2026-07-14T17:32:43;2761
28;bah difficult;30370.25;2026-07-14T16:36:53;2026-07-14T18:17:12;14320
29;huzzah;20167.05;2026-07-14T20:14:58;2026-07-14T08:46:15;14708
30;that;17010.37;2026-07-15T01:35:17;2026-07-14T10:37:24;9075
