id;image_url
1;suddenly
2;husband
3;because
4;sweetly wherever upside-down
5;thongs never
6;plugin whoever
7;clearly pitiful optimistically
8;gee celebrate rotten
9;sun
10;liberalize
11;which
12;before
13;anaesthetise ew afore
14;advancement object loosely
15;greedily atop gratefully
16;bah
17;busily instead
18;unfinished so instead
19;around coin mozzarella
20;dramatic provided
21;on hmph disrespect
22;gigantic faithfully
23;finally going but
24;ick boo psst
25;valley
26;willfully spring lest
27;circle hydrant
28;validity compete godparent
29;minor out
30;meh majestically
