id;title;description;banner;start_time;end_time;status;created_date
1;potentially sometimes miserably;../fake-data/blob/hipster.txt;brightly because dim;2026-07-14T06:29:58;2026-07-14T12:43:14;false;2026-07-14T10:59:23
2;er;../fake-data/blob/hipster.txt;till before supposing;2026-07-14T21:15:36;2026-07-15T00:01:17;false;2026-07-14T16:02:22
3;officially claw at;../fake-data/blob/hipster.txt;cool;2026-07-14T22:57:12;2026-07-14T11:39:17;true;2026-07-15T00:32:37
4;heavily affect pile;../fake-data/blob/hipster.txt;excluding phew closely;2026-07-15T00:34:05;2026-07-14T16:29:54;false;2026-07-14T17:11:09
5;healthily;../fake-data/blob/hipster.txt;jubilant boo;2026-07-15T00:36:02;2026-07-14T23:54:56;true;2026-07-14T17:24:20
6;squirm pleasing violently;../fake-data/blob/hipster.txt;crumble about transcend;2026-07-14T08:18:36;2026-07-14T08:45:38;true;2026-07-14T19:49:28
7;ouch;../fake-data/blob/hipster.txt;ick phew;2026-07-14T20:04:36;2026-07-15T02:32:28;false;2026-07-14T07:47:21
8;cross-contamination independence mouser;../fake-data/blob/hipster.txt;unique gleefully;2026-07-14T15:18:49;2026-07-15T00:52:06;false;2026-07-14T20:57:42
9;serve via;../fake-data/blob/hipster.txt;adventurously lounge whether;2026-07-15T01:42:09;2026-07-14T10:39:17;false;2026-07-15T00:00:12
10;gee who;../fake-data/blob/hipster.txt;woefully;2026-07-14T22:51:05;2026-07-15T02:35:09;true;2026-07-14T15:42:14
11;humble rust;../fake-data/blob/hipster.txt;whenever;2026-07-14T17:46:41;2026-07-14T21:50:16;false;2026-07-14T12:42:28
12;webbed misreport roughly;../fake-data/blob/hipster.txt;dependent;2026-07-14T14:08:33;2026-07-14T09:29:20;true;2026-07-14T06:06:23
13;breed pluck;../fake-data/blob/hipster.txt;alongside ha;2026-07-14T14:12:28;2026-07-14T07:30:46;true;2026-07-14T15:25:47
14;for impressionable advocate;../fake-data/blob/hipster.txt;ew gah absentmindedly;2026-07-14T05:44:53;2026-07-14T18:41:21;true;2026-07-14T05:27:44
15;especially whenever;../fake-data/blob/hipster.txt;yuck;2026-07-15T03:33:07;2026-07-14T19:03:00;true;2026-07-15T01:21:26
16;gut;../fake-data/blob/hipster.txt;owlishly trustworthy;2026-07-15T00:49:50;2026-07-14T08:09:18;false;2026-07-14T17:21:47
17;onset prudent;../fake-data/blob/hipster.txt;whether dally display;2026-07-14T23:53:58;2026-07-14T05:59:58;false;2026-07-14T17:27:01
18;forecast appropriate;../fake-data/blob/hipster.txt;after;2026-07-15T02:56:28;2026-07-14T14:14:02;false;2026-07-14T07:31:27
19;yearly above;../fake-data/blob/hipster.txt;allocation partial frivolous;2026-07-14T11:11:22;2026-07-14T20:19:39;false;2026-07-14T13:16:17
20;repeatedly within often;../fake-data/blob/hipster.txt;short whose;2026-07-15T03:25:26;2026-07-15T01:36:47;true;2026-07-15T03:32:59
21;ack whisper;../fake-data/blob/hipster.txt;quickly towards;2026-07-14T03:45:08;2026-07-14T17:30:57;true;2026-07-14T04:30:35
22;loyally;../fake-data/blob/hipster.txt;custody yowza;2026-07-14T05:22:32;2026-07-14T20:35:43;true;2026-07-14T23:01:05
23;frightfully consequently elastic;../fake-data/blob/hipster.txt;intently tensely drab;2026-07-14T17:05:28;2026-07-14T23:24:04;true;2026-07-14T10:44:57
24;shabby aboard in;../fake-data/blob/hipster.txt;because although likewise;2026-07-14T23:16:17;2026-07-14T08:32:22;true;2026-07-14T09:48:13
25;onto;../fake-data/blob/hipster.txt;yippee against miskey;2026-07-14T22:10:34;2026-07-14T06:11:09;true;2026-07-14T22:06:45
26;generously;../fake-data/blob/hipster.txt;availability abaft;2026-07-14T06:29:29;2026-07-14T23:58:03;true;2026-07-14T22:55:16
27;during oh twist;../fake-data/blob/hipster.txt;appertain revoke;2026-07-14T08:48:10;2026-07-15T01:34:43;false;2026-07-14T05:24:15
28;since;../fake-data/blob/hipster.txt;yahoo muted;2026-07-15T02:24:52;2026-07-14T11:43:31;false;2026-07-14T15:17:04
29;psst apricot provided;../fake-data/blob/hipster.txt;masterpiece;2026-07-14T20:42:14;2026-07-14T14:28:56;false;2026-07-14T21:08:36
30;up nervously;../fake-data/blob/hipster.txt;past dearly;2026-07-14T11:15:19;2026-07-14T16:24:51;false;2026-07-14T21:51:38
