id;title;content;read;sent_date
1;battle anenst accompanist;../fake-data/blob/hipster.txt;true;2026-07-14T17:23:27
2;duh;../fake-data/blob/hipster.txt;false;2026-07-14T15:16:42
3;crowded rebel;../fake-data/blob/hipster.txt;true;2026-07-14T23:19:51
4;during quaff;../fake-data/blob/hipster.txt;true;2026-07-14T15:36:45
5;agile;../fake-data/blob/hipster.txt;true;2026-07-14T21:44:06
6;meh;../fake-data/blob/hipster.txt;false;2026-07-15T02:16:18
7;that row reward;../fake-data/blob/hipster.txt;false;2026-07-14T12:46:25
8;thigh before;../fake-data/blob/hipster.txt;true;2026-07-14T14:43:31
9;ah once ack;../fake-data/blob/hipster.txt;true;2026-07-14T23:14:30
10;once;../fake-data/blob/hipster.txt;false;2026-07-14T09:10:03
11;physical recede hastily;../fake-data/blob/hipster.txt;false;2026-07-14T18:56:42
12;stranger;../fake-data/blob/hipster.txt;false;2026-07-14T12:17:17
13;so;../fake-data/blob/hipster.txt;true;2026-07-14T12:51:37
14;cellar;../fake-data/blob/hipster.txt;false;2026-07-14T10:42:11
15;gee;../fake-data/blob/hipster.txt;false;2026-07-14T22:59:18
16;eek;../fake-data/blob/hipster.txt;false;2026-07-15T02:33:36
17;mmm readily;../fake-data/blob/hipster.txt;false;2026-07-14T12:14:36
18;lend upliftingly unless;../fake-data/blob/hipster.txt;false;2026-07-14T10:41:47
19;ornate;../fake-data/blob/hipster.txt;false;2026-07-14T10:06:29
20;bitterly curry;../fake-data/blob/hipster.txt;true;2026-07-14T16:16:26
21;anenst;../fake-data/blob/hipster.txt;true;2026-07-14T10:01:36
22;gladly;../fake-data/blob/hipster.txt;false;2026-07-14T07:53:05
23;handover yahoo yahoo;../fake-data/blob/hipster.txt;true;2026-07-14T14:06:34
24;mortar;../fake-data/blob/hipster.txt;false;2026-07-15T03:12:56
25;variable;../fake-data/blob/hipster.txt;false;2026-07-15T00:59:48
26;qua;../fake-data/blob/hipster.txt;true;2026-07-14T18:15:29
27;athwart ouch decision;../fake-data/blob/hipster.txt;true;2026-07-14T15:33:12
28;hover;../fake-data/blob/hipster.txt;true;2026-07-15T06:18:35
29;aboard that spectacles;../fake-data/blob/hipster.txt;true;2026-07-14T14:23:23
30;brr jam-packed repossess;../fake-data/blob/hipster.txt;true;2026-07-14T12:47:01
