id;company_name;tax_code;description;verified
1;whenever mmm ew;mmm;../fake-data/blob/hipster.txt;false
2;mantua reassuringly;across although;../fake-data/blob/hipster.txt;false
3;huzzah;excitedly slather;../fake-data/blob/hipster.txt;false
4;whistle;oof nor climb;../fake-data/blob/hipster.txt;false
5;tomography terribly wallaby;than maestro successfully;../fake-data/blob/hipster.txt;false
6;toe;hearten unto;../fake-data/blob/hipster.txt;true
7;offensively lift;doting;../fake-data/blob/hipster.txt;true
8;satirise than;bonfire scared quicker;../fake-data/blob/hipster.txt;false
9;when psst seriously;unto inasmuch;../fake-data/blob/hipster.txt;false
10;to how;polyester;../fake-data/blob/hipster.txt;false
11;hot;yawningly mmm;../fake-data/blob/hipster.txt;true
12;clamor;tray;../fake-data/blob/hipster.txt;false
13;popularity why upside-down;since;../fake-data/blob/hipster.txt;true
14;failing helpless;meaningfully teammate excepting;../fake-data/blob/hipster.txt;false
15;until huzzah ignorance;painfully;../fake-data/blob/hipster.txt;false
16;concerning skeleton;afterwards yippee;../fake-data/blob/hipster.txt;false
17;alert after;pfft versus thankfully;../fake-data/blob/hipster.txt;true
18;meh repeatedly;apud and;../fake-data/blob/hipster.txt;false
19;into even badly;afore medium;../fake-data/blob/hipster.txt;false
20;monstrous;hmph belabor;../fake-data/blob/hipster.txt;true
21;although coincide;aha finally lest;../fake-data/blob/hipster.txt;false
22;merit hmph;integer modulo;../fake-data/blob/hipster.txt;false
23;finally;frequent abaft loosely;../fake-data/blob/hipster.txt;false
24;lest than;despite enchanted;../fake-data/blob/hipster.txt;false
25;hoot;wherever feminize;../fake-data/blob/hipster.txt;true
26;whoa;fervently oh;../fake-data/blob/hipster.txt;false
27;punctually if whoa;grandiose somber tightly;../fake-data/blob/hipster.txt;false
28;before;dulcimer now igloo;../fake-data/blob/hipster.txt;true
29;bemuse;pfft oddball;../fake-data/blob/hipster.txt;true
30;furthermore hexagon barracks;than;../fake-data/blob/hipster.txt;false
