id;method;transaction_code;amount;status;payment_date
1;greedily;on tune highly;30490.83;merrily coexist;2026-07-15T04:37:57
2;quirkily;majestically ah;26698;frightfully aw;2026-07-14T23:29:40
3;playfully and;summer meh desk;11292.38;tightly rare tapioca;2026-07-15T05:39:47
4;when serene and;knowingly ha;26483.86;summarise;2026-07-14T20:35:44
5;colorfully purse;rigidly uh-huh;26170.51;vary gadzooks;2026-07-14T13:20:32
6;fooey whenever above;settler yuck;23992.27;messy gadzooks replacement;2026-07-14T18:00:28
7;who afterwards calculus;jacket questioningly;14801.63;derby;2026-07-15T04:06:39
8;very inborn;ferociously yearn;15226.65;eventually for;2026-07-15T02:23:48
9;pish discontinue;alb jaggedly;28966.57;before;2026-07-15T03:30:36
10;dramatic and;brr;21981.34;skean from atop;2026-07-14T13:53:13
11;before mid;failing;28012.9;superb oof mystify;2026-07-15T02:49:39
12;outside;bus desk ugh;8446.18;sinful but yuck;2026-07-14T20:56:40
13;during versus;ordinary depot where;17169.73;adumbrate;2026-07-14T19:04:51
14;inculcate and;fooey;13390.54;fuel;2026-07-15T04:38:23
15;whoa anesthetize um;knavishly helpful incidentally;8725.25;mystify during although;2026-07-15T06:49:00
16;bitterly lovingly pigpen;unless drat;32453.5;woot worth;2026-07-14T18:11:21
17;developmental;gadzooks supposing ah;24270.05;woefully filthy;2026-07-15T02:00:54
18;that except;experience;5750.79;despite perfectly;2026-07-14T15:05:04
19;assail fine next;countess personal unwelcome;21770.14;iterate angrily;2026-07-14T11:23:25
20;investigate vainly swing;subsidy sanity;21120.26;thoughtfully;2026-07-14T08:10:18
21;cumbersome clearly;inwardly mortise;12637.85;rapidly;2026-07-14T15:09:42
22;yuck;where absentmindedly;18484.78;scale;2026-07-14T20:05:22
23;duh graceful;firm;18561.97;ferociously likely;2026-07-14T19:30:22
24;weatherize vestment however;tenant;19165.22;inasmuch zowie;2026-07-14T09:04:36
25;yogurt;tromp;18346.31;mostly unselfish;2026-07-14T09:15:00
26;preclude;bank furthermore technician;16852.91;how ideal;2026-07-14T14:05:22
27;shoddy;excepting hornet who;9155.94;fervently floss;2026-07-14T09:01:58
28;brr govern aw;teriyaki seriously;5307.84;venture;2026-07-15T06:36:55
29;greedy;finally;13534.23;anxiously;2026-07-15T07:07:38
30;ew as;optimal;1439.65;duh gloat;2026-07-14T22:46:31
