id;reason;status;created_date
1;../fake-data/blob/hipster.txt;round reel pace;2026-07-15T01:17:06
2;../fake-data/blob/hipster.txt;whenever anenst;2026-07-15T05:10:15
3;../fake-data/blob/hipster.txt;geez;2026-07-15T02:20:36
4;../fake-data/blob/hipster.txt;obediently;2026-07-14T13:17:57
5;../fake-data/blob/hipster.txt;why regarding;2026-07-14T20:14:29
6;../fake-data/blob/hipster.txt;gloom gee phooey;2026-07-15T00:25:42
7;../fake-data/blob/hipster.txt;mid;2026-07-15T05:54:14
8;../fake-data/blob/hipster.txt;freely;2026-07-14T14:21:44
9;../fake-data/blob/hipster.txt;joyous ha ready;2026-07-15T00:56:19
10;../fake-data/blob/hipster.txt;till sparse abseil;2026-07-14T20:55:10
11;../fake-data/blob/hipster.txt;cannibalise;2026-07-15T03:28:36
12;../fake-data/blob/hipster.txt;conceptualize kiss bank;2026-07-14T18:59:46
13;../fake-data/blob/hipster.txt;at;2026-07-14T13:47:43
14;../fake-data/blob/hipster.txt;circumnavigate innovation after;2026-07-14T14:54:57
15;../fake-data/blob/hipster.txt;although ha;2026-07-14T20:31:34
16;../fake-data/blob/hipster.txt;train obnoxiously as;2026-07-14T10:28:10
17;../fake-data/blob/hipster.txt;since king;2026-07-14T14:34:01
18;../fake-data/blob/hipster.txt;anti ultimate tightly;2026-07-14T11:25:02
19;../fake-data/blob/hipster.txt;electronics;2026-07-14T21:34:57
20;../fake-data/blob/hipster.txt;motionless candid psst;2026-07-15T02:05:52
21;../fake-data/blob/hipster.txt;dissemble;2026-07-14T14:42:58
22;../fake-data/blob/hipster.txt;whoever if ack;2026-07-14T10:43:09
23;../fake-data/blob/hipster.txt;electric hmph;2026-07-15T06:11:03
24;../fake-data/blob/hipster.txt;boo curly nautical;2026-07-14T10:25:09
25;../fake-data/blob/hipster.txt;pinion;2026-07-14T08:31:17
26;../fake-data/blob/hipster.txt;yahoo;2026-07-14T15:52:04
27;../fake-data/blob/hipster.txt;amidst iterate;2026-07-14T16:09:36
28;../fake-data/blob/hipster.txt;fooey of inwardly;2026-07-14T13:23:42
29;../fake-data/blob/hipster.txt;minus;2026-07-15T02:54:46
30;../fake-data/blob/hipster.txt;knuckle what;2026-07-14T07:33:21
