id;name;price;quantity;remaining;sale_start;sale_end
1;greatly nor;27707.45;25758;19145;2026-07-14T15:58:26;2026-07-14T23:08:49
2;doing justly following;11941.58;21813;5705;2026-07-14T23:06:21;2026-07-15T03:04:13
3;apropos;20820.03;10880;30861;2026-07-15T06:19:02;2026-07-15T07:11:37
4;edge;6586.63;17992;10358;2026-07-15T02:54:20;2026-07-14T13:05:23
5;from;19303.69;16135;3225;2026-07-14T10:32:15;2026-07-15T01:24:57
6;scary duh;1943.54;16468;32332;2026-07-15T02:59:33;2026-07-15T02:22:59
7;perfectly blindly;7589.8;3813;17557;2026-07-14T20:14:08;2026-07-14T13:11:28
8;likely divine;17654.13;28602;26521;2026-07-14T15:35:43;2026-07-14T08:15:08
9;plait offensively;3568.9;11169;27763;2026-07-15T03:07:06;2026-07-14T19:31:42
10;quiet warp luck;5299.73;15308;8033;2026-07-14T20:41:45;2026-07-15T00:22:35
11;aw;10883.87;31308;31471;2026-07-14T16:12:29;2026-07-14T23:01:42
12;jazz outrageous;22467.26;23234;30269;2026-07-14T19:49:33;2026-07-14T16:43:28
13;yogurt;4213.62;53;16019;2026-07-14T08:11:02;2026-07-14T19:18:45
14;although excited;27197.9;3851;16955;2026-07-14T13:34:18;2026-07-14T16:59:50
15;instead helpfully however;28678.16;18316;11863;2026-07-15T07:07:48;2026-07-14T13:52:13
16;doing;2591.32;22672;18435;2026-07-15T07:07:27;2026-07-14T13:27:19
17;geez;7612.29;16085;9000;2026-07-14T19:24:51;2026-07-15T01:26:57
18;concerned;27026.16;24713;13549;2026-07-15T05:31:13;2026-07-14T17:07:55
19;final;24481.25;28697;19988;2026-07-15T05:28:12;2026-07-15T07:18:51
20;likewise smug;28646.06;8366;7468;2026-07-15T02:54:37;2026-07-14T17:49:40
21;unknown hose classic;28415.34;17472;5235;2026-07-14T20:07:30;2026-07-14T12:20:19
22;for voluntarily;25260.87;21443;15899;2026-07-14T23:55:43;2026-07-14T08:52:21
23;deny er;31000.66;28412;15095;2026-07-14T12:24:47;2026-07-14T21:24:55
24;rag behest abaft;10439.72;23141;10025;2026-07-14T14:39:57;2026-07-14T15:02:31
25;hateful while community;16319.65;17137;8052;2026-07-14T08:24:10;2026-07-14T19:46:07
26;where;24074.71;2415;5963;2026-07-14T07:47:39;2026-07-14T16:22:38
27;flimsy deeply very;28468.13;1051;8817;2026-07-14T13:10:40;2026-07-14T22:11:37
28;hungrily;20635.29;6850;226;2026-07-14T09:14:36;2026-07-14T21:56:46
29;angrily aged liquid;21298.86;28783;6675;2026-07-14T20:31:08;2026-07-15T01:41:15
30;inasmuch ah after;15749.2;1493;30869;2026-07-15T05:26:24;2026-07-15T04:38:47
