id;qr_code;status;checked_in
1;../fake-data/blob/hipster.txt;heartfelt reproachfully yum;false
2;../fake-data/blob/hipster.txt;cute begonia;false
3;../fake-data/blob/hipster.txt;deceivingly monasticism barring;true
4;../fake-data/blob/hipster.txt;so whoa concentration;true
5;../fake-data/blob/hipster.txt;with;false
6;../fake-data/blob/hipster.txt;abaft hmph crystallize;true
7;../fake-data/blob/hipster.txt;whenever focused;false
8;../fake-data/blob/hipster.txt;railway;true
9;../fake-data/blob/hipster.txt;if;true
10;../fake-data/blob/hipster.txt;reorganisation scrabble thorn;false
11;../fake-data/blob/hipster.txt;yum;true
12;../fake-data/blob/hipster.txt;eyeliner as;true
13;../fake-data/blob/hipster.txt;mmm congregate;false
14;../fake-data/blob/hipster.txt;truthfully narrow;true
15;../fake-data/blob/hipster.txt;hydrolyse;false
16;../fake-data/blob/hipster.txt;oh;true
17;../fake-data/blob/hipster.txt;ew gadzooks although;true
18;../fake-data/blob/hipster.txt;sham garage electrify;true
19;../fake-data/blob/hipster.txt;gad;false
20;../fake-data/blob/hipster.txt;unless apud meaningfully;false
21;../fake-data/blob/hipster.txt;er after;true
22;../fake-data/blob/hipster.txt;excepting instance;true
23;../fake-data/blob/hipster.txt;polyester;true
24;../fake-data/blob/hipster.txt;per wrathful;false
25;../fake-data/blob/hipster.txt;what calmly;false
26;../fake-data/blob/hipster.txt;outstanding;true
27;../fake-data/blob/hipster.txt;cosset pish uh-huh;true
28;../fake-data/blob/hipster.txt;tabulate lovingly esteemed;false
29;../fake-data/blob/hipster.txt;ick appertain cellar;false
30;../fake-data/blob/hipster.txt;formal;true
