id;name;address;city;country;capacity
1;excepting understated;hmph;Port Theodoreborough;Myanmar;15918
2;up;delectable because;North Hailee;Antarctica;15043
3;anesthetize;er;Angieborough;Guam;13649
4;next;speedily likewise;Pfeffershire;Aruba;31568
5;besides;painfully aw without;Champlinmouth;Algeria;22435
6;casement baptise federate;elderly shinny;West Lamar;American Samoa;14255
7;despite airmail;fair about;Kuphalshire;Democratic Republic of the Congo;18291
8;sand;brr;South Jacehaven;Turkmenistan;6059
9;cauliflower uneven;well dampen gloomy;West Dwayne;Mayotte;21003
10;clamp frantically gah;why meh;Franklin;Niger;14094
11;state;forenenst whoever;Dominiquestead;Chile;1258
12;wear kielbasa;hence out;South Reinhold;Austria;27975
13;from psst;pretend;East Nancy;Equatorial Guinea;18390
14;depute;part beside;Antoinetteland;Falkland Islands (Malvinas);2789
15;pointed catalyst woot;once happy-go-lucky;Lucioustown;Guyana;15438
16;eek rapid season;glider;Port Brisa;Czechia;18424
17;afterwards;fooey sternly;Fort Akeemfort;Azerbaijan;15792
18;questionably abaft;fisherman;Sandyville;Greenland;11210
19;egg an;rudely provided;New Wava;Bermuda;23465
20;toward but seafood;encode marimba exactly;Novi;Isle of Man;15612
21;under mismatch;clueless because valuable;New Julius;Bermuda;2386
22;smog;than;Perris;Fiji;2507
23;frankly;depart since quarrelsome;East Inesside;Sint Maarten;21879
24;bitterly;sans behind;North Marianne;Gibraltar;4505
25;courageously nervously;story bleakly wrongly;Oberbrunnerchester;Hungary;15860
26;anxiously materialise meh;arbitrate harmful;South Jamar;Eritrea;12095
27;woot repurpose enormously;pity lovingly violent;Botsfordstead;Thailand;30651
28;so rust under;frantically modulo yippee;New Gregoriofield;Somalia;4489
29;ack blank fellow;along readily gah;Robinfort;Guam;32760
30;by knottily;hmph obvious;Geovannimouth;Nicaragua;5490
